,Mutation,ddG (kcal/mol),pos,wtAA,mutAA
0,E0A,-0.3585,0,E,A
1,E0D,-0.0553,0,E,D
2,E0E,0.0,0,E,E
3,E0F,-0.1025,0,E,F
4,E0G,-0.3299,0,E,G
5,E0H,-0.2219,0,E,H
6,E0I,-0.0234,0,E,I
7,E0K,-0.0738,0,E,K
8,E0L,0.0551,0,E,L
9,E0M,0.0299,0,E,M
10,E0N,-0.0439,0,E,N
11,E0P,0.0551,0,E,P
12,E0Q,-0.0967,0,E,Q
13,E0R,-0.063,0,E,R
14,E0S,-0.2639,0,E,S
15,E0T,-0.2304,0,E,T
16,E0V,-0.0939,0,E,V
17,E0W,-0.1222,0,E,W
18,E0Y,-0.0879,0,E,Y
19,V1A,0.9479,1,V,A
20,V1D,1.8323,1,V,D
21,V1E,1.7444,1,V,E
22,V1F,0.882,1,V,F
23,V1G,1.8963,1,V,G
24,V1H,1.3125,1,V,H
25,V1I,0.1036,1,V,I
26,V1K,1.3961,1,V,K
27,V1L,0.5734,1,V,L
28,V1M,0.8908,1,V,M
29,V1N,1.6817,1,V,N
30,V1P,1.1195,1,V,P
31,V1Q,1.3968,1,V,Q
32,V1R,1.5097,1,V,R
33,V1S,1.5262,1,V,S
34,V1T,1.0443,1,V,T
35,V1V,0.0,1,V,V
36,V1W,0.9112,1,V,W
37,V1Y,0.9869,1,V,Y
38,Q2A,0.3638,2,Q,A
39,Q2D,0.5719,2,Q,D
40,Q2E,0.4451,2,Q,E
41,Q2F,0.4276,2,Q,F
42,Q2G,0.7591,2,Q,G
43,Q2H,0.084,2,Q,H
44,Q2I,0.4315,2,Q,I
45,Q2K,0.1914,2,Q,K
46,Q2L,0.4744,2,Q,L
47,Q2M,0.3542,2,Q,M
48,Q2N,0.2806,2,Q,N
49,Q2P,2.0979,2,Q,P
50,Q2Q,0.0,2,Q,Q
51,Q2R,0.1862,2,Q,R
52,Q2S,0.1362,2,Q,S
53,Q2T,0.1146,2,Q,T
54,Q2V,0.2828,2,Q,V
55,Q2W,0.3507,2,Q,W
56,Q2Y,0.3391,2,Q,Y
57,L3A,1.9955,3,L,A
58,L3D,2.2222,3,L,D
59,L3E,2.0571,3,L,E
60,L3F,0.0942,3,L,F
61,L3G,1.9764,3,L,G
62,L3H,1.7729,3,L,H
63,L3I,0.6409,3,L,I
64,L3K,2.1509,3,L,K
65,L3L,0.0,3,L,L
66,L3M,0.5526,3,L,M
67,L3N,2.2195,3,L,N
68,L3P,2.0852,3,L,P
69,L3Q,2.0442,3,L,Q
70,L3R,2.0833,3,L,R
71,L3S,2.1652,3,L,S
72,L3T,1.8843,3,L,T
73,L3V,1.413,3,L,V
74,L3W,1.0036,3,L,W
75,L3Y,0.7397,3,L,Y
76,V4A,1.2137,4,V,A
77,V4D,1.443,4,V,D
78,V4E,0.9428,4,V,E
79,V4F,0.5331,4,V,F
80,V4G,2.1047,4,V,G
81,V4H,0.8413,4,V,H
82,V4I,0.0868,4,V,I
83,V4K,1.0101,4,V,K
84,V4L,0.7697,4,V,L
85,V4M,0.8044,4,V,M
86,V4N,1.2565,4,V,N
87,V4P,3.1163,4,V,P
88,V4Q,0.8909,4,V,Q
89,V4R,0.8992,4,V,R
90,V4S,0.9933,4,V,S
91,V4T,0.4504,4,V,T
92,V4V,0.0,4,V,V
93,V4W,0.7249,4,V,W
94,V4Y,0.5104,4,V,Y
95,E5A,1.2533,5,E,A
96,E5D,1.2241,5,E,D
97,E5E,0.0,5,E,E
98,E5F,0.7995,5,E,F
99,E5G,1.5982,5,E,G
100,E5H,0.7416,5,E,H
101,E5I,1.1352,5,E,I
102,E5K,1.6498,5,E,K
103,E5L,1.2661,5,E,L
104,E5M,0.9135,5,E,M
105,E5N,1.5228,5,E,N
106,E5P,0.7129,5,E,P
107,E5Q,0.6503,5,E,Q
108,E5R,1.6941,5,E,R
109,E5S,1.3179,5,E,S
110,E5T,1.0972,5,E,T
111,E5V,1.0848,5,E,V
112,E5W,1.3377,5,E,W
113,E5Y,0.6439,5,E,Y
114,S6A,0.6388,6,S,A
115,S6D,1.6235,6,S,D
116,S6E,1.2521,6,S,E
117,S6F,1.235,6,S,F
118,S6G,1.3041,6,S,G
119,S6H,1.0345,6,S,H
120,S6I,1.318,6,S,I
121,S6K,1.2149,6,S,K
122,S6L,1.4802,6,S,L
123,S6M,1.0753,6,S,M
124,S6N,1.2929,6,S,N
125,S6P,2.4972,6,S,P
126,S6Q,1.0429,6,S,Q
127,S6R,1.0487,6,S,R
128,S6S,0.0,6,S,S
129,S6T,0.474,6,S,T
130,S6V,1.2628,6,S,V
131,S6W,1.097,6,S,W
132,S6Y,1.2109,6,S,Y
133,G7A,1.1026,7,G,A
134,G7D,0.9474,7,G,D
135,G7E,1.1967,7,G,E
136,G7F,0.8254,7,G,F
137,G7G,0.0,7,G,G
138,G7H,0.8973,7,G,H
139,G7I,1.1783,7,G,I
140,G7K,1.0966,7,G,K
141,G7L,0.9234,7,G,L
142,G7M,0.9998,7,G,M
143,G7N,0.7431,7,G,N
144,G7P,1.5617,7,G,P
145,G7Q,1.1699,7,G,Q
146,G7R,1.1325,7,G,R
147,G7S,1.0836,7,G,S
148,G7T,1.285,7,G,T
149,G7V,1.2707,7,G,V
150,G7W,1.0956,7,G,W
151,G7Y,0.9921,7,G,Y
152,G8A,1.6542,8,G,A
153,G8D,2.4287,8,G,D
154,G8E,2.5464,8,G,E
155,G8F,1.588,8,G,F
156,G8G,0.0,8,G,G
157,G8H,2.1369,8,G,H
158,G8I,2.0841,8,G,I
159,G8K,2.3765,8,G,K
160,G8L,2.0735,8,G,L
161,G8M,1.8517,8,G,M
162,G8N,2.3492,8,G,N
163,G8P,2.1862,8,G,P
164,G8Q,2.2907,8,G,Q
165,G8R,2.1839,8,G,R
166,G8S,2.0219,8,G,S
167,G8T,2.1856,8,G,T
168,G8V,2.031,8,G,V
169,G8W,1.7801,8,G,W
170,G8Y,1.7493,8,G,Y
171,G9A,1.6329,9,G,A
172,G9D,1.9567,9,G,D
173,G9E,2.2237,9,G,E
174,G9F,1.5047,9,G,F
175,G9G,0.0,9,G,G
176,G9H,1.8716,9,G,H
177,G9I,2.1726,9,G,I
178,G9K,2.0792,9,G,K
179,G9L,2.0071,9,G,L
180,G9M,1.6995,9,G,M
181,G9N,1.979,9,G,N
182,G9P,2.3981,9,G,P
183,G9Q,1.9357,9,G,Q
184,G9R,2.0309,9,G,R
185,G9S,1.8206,9,G,S
186,G9T,2.0088,9,G,T
187,G9V,2.1516,9,G,V
188,G9W,1.7931,9,G,W
189,G9Y,1.7513,9,G,Y
190,L10A,0.2466,10,L,A
191,L10D,0.2971,10,L,D
192,L10E,0.1181,10,L,E
193,L10F,0.0318,10,L,F
194,L10G,0.7677,10,L,G
195,L10H,0.0629,10,L,H
196,L10I,-0.1372,10,L,I
197,L10K,0.2202,10,L,K
198,L10L,0.0,10,L,L
199,L10M,0.081,10,L,M
200,L10N,0.339,10,L,N
201,L10P,1.0331,10,L,P
202,L10Q,0.0646,10,L,Q
203,L10R,0.1987,10,L,R
204,L10S,0.1716,10,L,S
205,L10T,-0.0386,10,L,T
206,L10V,-0.1432,10,L,V
207,L10W,-0.1062,10,L,W
208,L10Y,-0.0367,10,L,Y
209,V11A,0.9935,11,V,A
210,V11D,2.8925,11,V,D
211,V11E,2.4359,11,V,E
212,V11F,0.8023,11,V,F
213,V11G,1.8592,11,V,G
214,V11H,1.7123,11,V,H
215,V11I,0.3398,11,V,I
216,V11K,1.7756,11,V,K
217,V11L,1.1112,11,V,L
218,V11M,1.039,11,V,M
219,V11N,2.3514,11,V,N
220,V11P,2.4548,11,V,P
221,V11Q,1.9004,11,V,Q
222,V11R,1.478,11,V,R
223,V11S,1.5661,11,V,S
224,V11T,1.1654,11,V,T
225,V11V,0.0,11,V,V
226,V11W,1.4139,11,V,W
227,V11Y,1.0586,11,V,Y
228,Q12A,-0.0231,12,Q,A
229,Q12D,0.0194,12,Q,D
230,Q12E,0.0011,12,Q,E
231,Q12F,0.15,12,Q,F
232,Q12G,0.1904,12,Q,G
233,Q12H,0.0191,12,Q,H
234,Q12I,0.1334,12,Q,I
235,Q12K,0.0653,12,Q,K
236,Q12L,0.0907,12,Q,L
237,Q12M,0.2064,12,Q,M
238,Q12N,0.0952,12,Q,N
239,Q12P,-0.04,12,Q,P
240,Q12Q,0.0,12,Q,Q
241,Q12R,0.1606,12,Q,R
242,Q12S,0.0355,12,Q,S
243,Q12T,0.0981,12,Q,T
244,Q12V,0.1105,12,Q,V
245,Q12W,0.1581,12,Q,W
246,Q12Y,0.1925,12,Q,Y
247,A13A,0.0,13,A,A
248,A13D,0.5165,13,A,D
249,A13E,0.101,13,A,E
250,A13F,0.459,13,A,F
251,A13G,0.6511,13,A,G
252,A13H,0.2828,13,A,H
253,A13I,0.2791,13,A,I
254,A13K,0.3621,13,A,K
255,A13L,0.2904,13,A,L
256,A13M,0.3866,13,A,M
257,A13N,0.5133,13,A,N
258,A13P,0.7381,13,A,P
259,A13Q,0.2301,13,A,Q
260,A13R,0.4213,13,A,R
261,A13S,0.145,13,A,S
262,A13T,0.1692,13,A,T
263,A13V,0.0363,13,A,V
264,A13W,0.4092,13,A,W
265,A13Y,0.4225,13,A,Y
266,G14A,1.7586,14,G,A
267,G14D,1.2794,14,G,D
268,G14E,1.6289,14,G,E
269,G14F,1.4886,14,G,F
270,G14G,0.0,14,G,G
271,G14H,1.5187,14,G,H
272,G14I,2.3193,14,G,I
273,G14K,1.8811,14,G,K
274,G14L,1.7785,14,G,L
275,G14M,1.6048,14,G,M
276,G14N,1.2159,14,G,N
277,G14P,2.6669,14,G,P
278,G14Q,1.7507,14,G,Q
279,G14R,1.9173,14,G,R
280,G14S,1.6641,14,G,S
281,G14T,2.1116,14,G,T
282,G14V,2.3838,14,G,V
283,G14W,1.6201,14,G,W
284,G14Y,1.6169,14,G,Y
285,G15A,0.9252,15,G,A
286,G15D,1.4611,15,G,D
287,G15E,1.4639,15,G,E
288,G15F,1.0313,15,G,F
289,G15G,0.0,15,G,G
290,G15H,1.1875,15,G,H
291,G15I,1.2207,15,G,I
292,G15K,1.1966,15,G,K
293,G15L,1.0358,15,G,L
294,G15M,0.9834,15,G,M
295,G15N,1.2114,15,G,N
296,G15P,2.3065,15,G,P
297,G15Q,1.1575,15,G,Q
298,G15R,1.3237,15,G,R
299,G15S,0.8787,15,G,S
300,G15T,1.0155,15,G,T
301,G15V,1.2076,15,G,V
302,G15W,1.1798,15,G,W
303,G15Y,1.2237,15,G,Y
304,S16A,0.3191,16,S,A
305,S16D,1.2024,16,S,D
306,S16E,0.3878,16,S,E
307,S16F,0.6717,16,S,F
308,S16G,0.9589,16,S,G
309,S16H,0.4951,16,S,H
310,S16I,0.6181,16,S,I
311,S16K,0.4439,16,S,K
312,S16L,0.7472,16,S,L
313,S16M,0.4639,16,S,M
314,S16N,0.8982,16,S,N
315,S16P,1.9786,16,S,P
316,S16Q,0.1685,16,S,Q
317,S16R,0.4212,16,S,R
318,S16S,0.0,16,S,S
319,S16T,0.0261,16,S,T
320,S16V,0.5224,16,S,V
321,S16W,0.4299,16,S,W
322,S16Y,0.5915,16,S,Y
323,L17A,1.3455,17,L,A
324,L17D,2.3045,17,L,D
325,L17E,1.9966,17,L,E
326,L17F,0.4602,17,L,F
327,L17G,2.1904,17,L,G
328,L17H,1.5248,17,L,H
329,L17I,0.1508,17,L,I
330,L17K,1.5549,17,L,K
331,L17L,0.0,17,L,L
332,L17M,0.2829,17,L,M
333,L17N,1.8675,17,L,N
334,L17P,2.1964,17,L,P
335,L17Q,1.5481,17,L,Q
336,L17R,1.4265,17,L,R
337,L17S,1.6587,17,L,S
338,L17T,1.3196,17,L,T
339,L17V,0.4722,17,L,V
340,L17W,0.7395,17,L,W
341,L17Y,0.8286,17,L,Y
342,R18A,0.5458,18,R,A
343,R18D,1.167,18,R,D
344,R18E,0.624,18,R,E
345,R18F,-0.4351,18,R,F
346,R18G,1.4496,18,R,G
347,R18H,0.036,18,R,H
348,R18I,-1.1047,18,R,I
349,R18K,0.1408,18,R,K
350,R18L,-0.5993,18,R,L
351,R18M,-0.3048,18,R,M
352,R18N,0.572,18,R,N
353,R18P,1.5462,18,R,P
354,R18Q,0.2979,18,R,Q
355,R18R,0.0,18,R,R
356,R18S,0.2939,18,R,S
357,R18T,-0.4001,18,R,T
358,R18V,-0.8211,18,R,V
359,R18W,-0.4419,18,R,W
360,R18Y,-0.5522,18,R,Y
361,L19A,2.8494,19,L,A
362,L19D,3.0401,19,L,D
363,L19E,2.9942,19,L,E
364,L19F,1.2917,19,L,F
365,L19G,2.5629,19,L,G
366,L19H,2.7304,19,L,H
367,L19I,1.2979,19,L,I
368,L19K,2.6634,19,L,K
369,L19L,0.0,19,L,L
370,L19M,1.1977,19,L,M
371,L19N,2.9637,19,L,N
372,L19P,2.8761,19,L,P
373,L19Q,2.8282,19,L,Q
374,L19R,2.6927,19,L,R
375,L19S,2.9389,19,L,S
376,L19T,2.6126,19,L,T
377,L19V,1.9499,19,L,V
378,L19W,1.9517,19,L,W
379,L19Y,1.799,19,L,Y
380,S20A,0.1617,20,S,A
381,S20D,1.4862,20,S,D
382,S20E,0.2548,20,S,E
383,S20F,0.1366,20,S,F
384,S20G,1.159,20,S,G
385,S20H,0.3807,20,S,H
386,S20I,0.1306,20,S,I
387,S20K,0.392,20,S,K
388,S20L,0.4707,20,S,L
389,S20M,0.2152,20,S,M
390,S20N,0.997,20,S,N
391,S20P,2.4996,20,S,P
392,S20Q,0.1816,20,S,Q
393,S20R,0.3144,20,S,R
394,S20S,0.0,20,S,S
395,S20T,-0.1128,20,S,T
396,S20V,0.0164,20,S,V
397,S20W,0.1918,20,S,W
398,S20Y,0.1095,20,S,Y
399,C21A,1.1774,21,C,A
400,C21D,1.7444,21,C,D
401,C21E,1.6419,21,C,E
402,C21F,-0.6777,21,C,F
403,C21G,2.3027,21,C,G
404,C21H,0.8654,21,C,H
405,C21I,0.422,21,C,I
406,C21K,1.5425,21,C,K
407,C21L,0.4286,21,C,L
408,C21M,0.8878,21,C,M
409,C21N,1.4549,21,C,N
410,C21P,1.235,21,C,P
411,C21Q,1.7298,21,C,Q
412,C21R,1.65,21,C,R
413,C21S,1.2926,21,C,S
414,C21T,1.2086,21,C,T
415,C21V,0.2866,21,C,V
416,C21W,0.2215,21,C,W
417,C21Y,-0.3264,21,C,Y
418,A22A,0.0,22,A,A
419,A22D,0.5978,22,A,D
420,A22E,-0.015,22,A,E
421,A22F,0.1401,22,A,F
422,A22G,0.8558,22,A,G
423,A22H,0.0573,22,A,H
424,A22I,-0.0571,22,A,I
425,A22K,-0.1512,22,A,K
426,A22L,0.0011,22,A,L
427,A22M,0.0037,22,A,M
428,A22N,0.3056,22,A,N
429,A22P,2.2604,22,A,P
430,A22Q,-0.1537,22,A,Q
431,A22R,-0.1713,22,A,R
432,A22S,0.1695,22,A,S
433,A22T,0.0503,22,A,T
434,A22V,-0.1055,22,A,V
435,A22W,0.0959,22,A,W
436,A22Y,0.0453,22,A,Y
437,A23A,0.0,23,A,A
438,A23D,3.2868,23,A,D
439,A23E,3.1984,23,A,E
440,A23F,1.6838,23,A,F
441,A23G,1.0345,23,A,G
442,A23H,3.1229,23,A,H
443,A23I,1.0448,23,A,I
444,A23K,3.3964,23,A,K
445,A23L,1.0247,23,A,L
446,A23M,1.3608,23,A,M
447,A23N,3.1209,23,A,N
448,A23P,3.4043,23,A,P
449,A23Q,3.139,23,A,Q
450,A23R,3.4106,23,A,R
451,A23S,1.7983,23,A,S
452,A23T,1.9682,23,A,T
453,A23V,0.3977,23,A,V
454,A23W,2.2991,23,A,W
455,A23Y,2.4439,23,A,Y
456,S24A,0.593,24,S,A
457,S24D,1.2953,24,S,D
458,S24E,0.8968,24,S,E
459,S24F,0.722,24,S,F
460,S24G,1.0808,24,S,G
461,S24H,0.6648,24,S,H
462,S24I,0.8157,24,S,I
463,S24K,0.8034,24,S,K
464,S24L,0.9724,24,S,L
465,S24M,0.7139,24,S,M
466,S24N,0.8808,24,S,N
467,S24P,2.3435,24,S,P
468,S24Q,0.7396,24,S,Q
469,S24R,0.6384,24,S,R
470,S24S,0.0,24,S,S
471,S24T,0.058,24,S,T
472,S24V,0.7953,24,S,V
473,S24W,0.6779,24,S,W
474,S24Y,0.6619,24,S,Y
475,G25A,1.3299,25,G,A
476,G25D,1.508,25,G,D
477,G25E,1.5982,25,G,E
478,G25F,1.1308,25,G,F
479,G25G,0.0,25,G,G
480,G25H,1.2002,25,G,H
481,G25I,1.4225,25,G,I
482,G25K,1.4834,25,G,K
483,G25L,1.1334,25,G,L
484,G25M,1.2185,25,G,M
485,G25N,1.1911,25,G,N
486,G25P,1.9143,25,G,P
487,G25Q,1.4389,25,G,Q
488,G25R,1.5355,25,G,R
489,G25S,1.4403,25,G,S
490,G25T,1.6224,25,G,T
491,G25V,1.4242,25,G,V
492,G25W,1.2339,25,G,W
493,G25Y,1.1978,25,G,Y
494,F26A,2.376,26,F,A
495,F26D,2.7271,26,F,D
496,F26E,2.7183,26,F,E
497,F26F,0.0,26,F,F
498,F26G,3.0129,26,F,G
499,F26H,2.8745,26,F,H
500,F26I,1.1382,26,F,I
501,F26K,2.8963,26,F,K
502,F26L,1.4662,26,F,L
503,F26M,1.4227,26,F,M
504,F26N,2.9979,26,F,N
505,F26P,3.0761,26,F,P
506,F26Q,2.8176,26,F,Q
507,F26R,2.721,26,F,R
508,F26S,2.5283,26,F,S
509,F26T,2.2149,26,F,T
510,F26V,1.4786,26,F,V
511,F26W,1.8765,26,F,W
512,F26Y,1.7426,26,F,Y
513,T27A,0.3861,27,T,A
514,T27D,-0.1956,27,T,D
515,T27E,0.2578,27,T,E
516,T27F,0.4692,27,T,F
517,T27G,0.8336,27,T,G
518,T27H,0.1298,27,T,H
519,T27I,0.3819,27,T,I
520,T27K,0.5614,27,T,K
521,T27L,0.2526,27,T,L
522,T27M,0.4635,27,T,M
523,T27N,-0.1402,27,T,N
524,T27P,1.2731,27,T,P
525,T27Q,0.3782,27,T,Q
526,T27R,0.4908,27,T,R
527,T27S,0.0487,27,T,S
528,T27T,0.0,27,T,T
529,T27V,0.2746,27,T,V
530,T27W,0.3313,27,T,W
531,T27Y,0.2817,27,T,Y
532,F28A,2.0027,28,F,A
533,F28D,2.8544,28,F,D
534,F28E,2.8125,28,F,E
535,F28F,0.0,28,F,F
536,F28G,2.7493,28,F,G
537,F28H,2.6992,28,F,H
538,F28I,1.107,28,F,I
539,F28K,2.8857,28,F,K
540,F28L,0.8381,28,F,L
541,F28M,1.0887,28,F,M
542,F28N,2.8601,28,F,N
543,F28P,2.2534,28,F,P
544,F28Q,2.7938,28,F,Q
545,F28R,2.8467,28,F,R
546,F28S,2.5308,28,F,S
547,F28T,2.4453,28,F,T
548,F28V,1.1939,28,F,V
549,F28W,1.4688,28,F,W
550,F28Y,1.4407,28,F,Y
551,S29A,-0.1424,29,S,A
552,S29D,0.5034,29,S,D
553,S29E,0.4305,29,S,E
554,S29F,0.6785,29,S,F
555,S29G,0.1741,29,S,G
556,S29H,0.4836,29,S,H
557,S29I,0.7489,29,S,I
558,S29K,0.475,29,S,K
559,S29L,0.7742,29,S,L
560,S29M,0.6149,29,S,M
561,S29N,0.5482,29,S,N
562,S29P,1.3235,29,S,P
563,S29Q,0.4372,29,S,Q
564,S29R,0.5073,29,S,R
565,S29S,0.0,29,S,S
566,S29T,0.4534,29,S,T
567,S29V,0.7329,29,S,V
568,S29W,0.3049,29,S,W
569,S29Y,0.4914,29,S,Y
570,S30A,-0.0502,30,S,A
571,S30D,0.3211,30,S,D
572,S30E,0.126,30,S,E
573,S30F,0.4957,30,S,F
574,S30G,0.6039,30,S,G
575,S30H,0.2636,30,S,H
576,S30I,0.4851,30,S,I
577,S30K,0.1572,30,S,K
578,S30L,0.2028,30,S,L
579,S30M,0.1914,30,S,M
580,S30N,0.1267,30,S,N
581,S30P,2.5281,30,S,P
582,S30Q,0.079,30,S,Q
583,S30R,0.2217,30,S,R
584,S30S,0.0,30,S,S
585,S30T,0.169,30,S,T
586,S30V,0.4749,30,S,V
587,S30W,0.3007,30,S,W
588,S30Y,0.3327,30,S,Y
589,Y31A,1.5967,31,Y,A
590,Y31D,2.9545,31,Y,D
591,Y31E,2.7388,31,Y,E
592,Y31F,0.1118,31,Y,F
593,Y31G,2.4308,31,Y,G
594,Y31H,0.9604,31,Y,H
595,Y31I,1.6601,31,Y,I
596,Y31K,1.6447,31,Y,K
597,Y31L,1.4552,31,Y,L
598,Y31M,1.5388,31,Y,M
599,Y31N,1.6545,31,Y,N
600,Y31P,3.5546,31,Y,P
601,Y31Q,1.9598,31,Y,Q
602,Y31R,1.3923,31,Y,R
603,Y31S,1.7724,31,Y,S
604,Y31T,1.7834,31,Y,T
605,Y31V,1.0942,31,Y,V
606,Y31W,0.4917,31,Y,W
607,Y31Y,0.0,31,Y,Y
608,G32A,-0.0302,32,G,A
609,G32D,0.5964,32,G,D
610,G32E,1.1621,32,G,E
611,G32F,0.6125,32,G,F
612,G32G,0.0,32,G,G
613,G32H,0.641,32,G,H
614,G32I,1.1715,32,G,I
615,G32K,0.8784,32,G,K
616,G32L,1.1292,32,G,L
617,G32M,0.8778,32,G,M
618,G32N,0.5738,32,G,N
619,G32P,1.3474,32,G,P
620,G32Q,0.8249,32,G,Q
621,G32R,0.9066,32,G,R
622,G32S,0.1819,32,G,S
623,G32T,0.7573,32,G,T
624,G32V,1.1717,32,G,V
625,G32W,0.3733,32,G,W
626,G32Y,0.5912,32,G,Y
627,M33A,2.2939,33,M,A
628,M33D,4.1092,33,M,D
629,M33E,3.4098,33,M,E
630,M33F,0.096,33,M,F
631,M33G,2.8222,33,M,G
632,M33H,2.2614,33,M,H
633,M33I,1.2422,33,M,I
634,M33K,3.2347,33,M,K
635,M33L,0.4573,33,M,L
636,M33M,0.0,33,M,M
637,M33N,3.043,33,M,N
638,M33P,3.8006,33,M,P
639,M33Q,2.5751,33,M,Q
640,M33R,2.8696,33,M,R
641,M33S,2.8092,33,M,S
642,M33T,3.0121,33,M,T
643,M33V,1.5045,33,M,V
644,M33W,0.891,33,M,W
645,M33Y,0.8447,33,M,Y
646,S34A,-0.7624,34,S,A
647,S34D,2.3272,34,S,D
648,S34E,2.2259,34,S,E
649,S34F,0.6233,34,S,F
650,S34G,0.1,34,S,G
651,S34H,1.4671,34,S,H
652,S34I,0.9008,34,S,I
653,S34K,1.3801,34,S,K
654,S34L,1.3044,34,S,L
655,S34M,0.7234,34,S,M
656,S34N,1.8801,34,S,N
657,S34P,3.4454,34,S,P
658,S34Q,1.416,34,S,Q
659,S34R,1.1758,34,S,R
660,S34S,0.0,34,S,S
661,S34T,0.5911,34,S,T
662,S34V,0.4041,34,S,V
663,S34W,0.8274,34,S,W
664,S34Y,0.8354,34,S,Y
665,W35A,4.8987,35,W,A
666,W35D,6.1453,35,W,D
667,W35E,6.0131,35,W,E
668,W35F,1.4896,35,W,F
669,W35G,4.5485,35,W,G
670,W35H,4.8092,35,W,H
671,W35I,3.9137,35,W,I
672,W35K,5.4494,35,W,K
673,W35L,3.2122,35,W,L
674,W35M,3.419,35,W,M
675,W35N,5.652,35,W,N
676,W35P,4.9662,35,W,P
677,W35Q,5.3012,35,W,Q
678,W35R,4.9532,35,W,R
679,W35S,5.2924,35,W,S
680,W35T,5.2267,35,W,T
681,W35V,3.5849,35,W,V
682,W35W,0.0,35,W,W
683,W35Y,1.4018,35,W,Y
684,V36A,1.2962,36,V,A
685,V36D,2.9765,36,V,D
686,V36E,1.8812,36,V,E
687,V36F,-0.5761,36,V,F
688,V36G,2.2953,36,V,G
689,V36H,0.8666,36,V,H
690,V36I,0.2268,36,V,I
691,V36K,1.1518,36,V,K
692,V36L,0.2304,36,V,L
693,V36M,0.1661,36,V,M
694,V36N,2.0083,36,V,N
695,V36P,3.234,36,V,P
696,V36Q,1.0881,36,V,Q
697,V36R,0.8017,36,V,R
698,V36S,1.8932,36,V,S
699,V36T,1.6191,36,V,T
700,V36V,0.0,36,V,V
701,V36W,-0.3795,36,V,W
702,V36Y,-0.57,36,V,Y
703,R37A,2.2061,37,R,A
704,R37D,3.8622,37,R,D
705,R37E,3.3285,37,R,E
706,R37F,1.9647,37,R,F
707,R37G,2.7477,37,R,G
708,R37H,2.1578,37,R,H
709,R37I,2.349,37,R,I
710,R37K,0.677,37,R,K
711,R37L,2.2122,37,R,L
712,R37M,1.8435,37,R,M
713,R37N,3.0428,37,R,N
714,R37P,3.1642,37,R,P
715,R37Q,1.949,37,R,Q
716,R37R,0.0,37,R,R
717,R37S,2.517,37,R,S
718,R37T,2.6897,37,R,T
719,R37V,2.5078,37,R,V
720,R37W,2.0314,37,R,W
721,R37Y,2.0303,37,R,Y
722,Q38A,0.6378,38,Q,A
723,Q38D,2.4692,38,Q,D
724,Q38E,0.8666,38,Q,E
725,Q38F,0.3504,38,Q,F
726,Q38G,2.1929,38,Q,G
727,Q38H,0.9954,38,Q,H
728,Q38I,0.0367,38,Q,I
729,Q38K,0.5206,38,Q,K
730,Q38L,0.633,38,Q,L
731,Q38M,0.0972,38,Q,M
732,Q38N,1.9558,38,Q,N
733,Q38P,3.5116,38,Q,P
734,Q38Q,0.0,38,Q,Q
735,Q38R,0.5319,38,Q,R
736,Q38S,0.8865,38,Q,S
737,Q38T,0.744,38,Q,T
738,Q38V,0.098,38,Q,V
739,Q38W,0.5948,38,Q,W
740,Q38Y,0.6659,38,Q,Y
741,A39A,0.0,39,A,A
742,A39D,1.1823,39,A,D
743,A39E,0.5051,39,A,E
744,A39F,0.8198,39,A,F
745,A39G,0.8991,39,A,G
746,A39H,0.389,39,A,H
747,A39I,0.531,39,A,I
748,A39K,-0.0954,39,A,K
749,A39L,0.6364,39,A,L
750,A39M,0.46,39,A,M
751,A39N,0.7188,39,A,N
752,A39P,-0.3309,39,A,P
753,A39Q,0.1162,39,A,Q
754,A39R,0.0021,39,A,R
755,A39S,0.2343,39,A,S
756,A39T,0.7758,39,A,T
757,A39V,0.5406,39,A,V
758,A39W,0.7863,39,A,W
759,A39Y,0.7511,39,A,Y
760,P40A,0.3995,40,P,A
761,P40D,0.8223,40,P,D
762,P40E,0.5171,40,P,E
763,P40F,-0.0988,40,P,F
764,P40G,0.8349,40,P,G
765,P40H,0.5644,40,P,H
766,P40I,0.1158,40,P,I
767,P40K,0.6233,40,P,K
768,P40L,0.1264,40,P,L
769,P40M,0.1686,40,P,M
770,P40N,0.8642,40,P,N
771,P40P,0.0,40,P,P
772,P40Q,0.5653,40,P,Q
773,P40R,0.6805,40,P,R
774,P40S,0.6813,40,P,S
775,P40T,0.6552,40,P,T
776,P40V,0.3026,40,P,V
777,P40W,0.2682,40,P,W
778,P40Y,0.1704,40,P,Y
779,G41A,1.1918,41,G,A
780,G41D,0.8341,41,G,D
781,G41E,0.9645,41,G,E
782,G41F,1.1418,41,G,F
783,G41G,0.0,41,G,G
784,G41H,0.9892,41,G,H
785,G41I,1.7603,41,G,I
786,G41K,1.2699,41,G,K
787,G41L,1.2934,41,G,L
788,G41M,1.1506,41,G,M
789,G41N,0.7085,41,G,N
790,G41P,1.8004,41,G,P
791,G41Q,1.2044,41,G,Q
792,G41R,1.2601,41,G,R
793,G41S,1.1431,41,G,S
794,G41T,1.4533,41,G,T
795,G41V,1.7634,41,G,V
796,G41W,1.2676,41,G,W
797,G41Y,1.1756,41,G,Y
798,K42A,0.3801,42,K,A
799,K42D,1.1091,42,K,D
800,K42E,0.7066,42,K,E
801,K42F,0.592,42,K,F
802,K42G,0.7573,42,K,G
803,K42H,0.4837,42,K,H
804,K42I,0.802,42,K,I
805,K42K,0.0,42,K,K
806,K42L,0.3879,42,K,L
807,K42M,0.3105,42,K,M
808,K42N,0.6101,42,K,N
809,K42P,2.5614,42,K,P
810,K42Q,0.1055,42,K,Q
811,K42R,0.14,42,K,R
812,K42S,0.5733,42,K,S
813,K42T,0.6656,42,K,T
814,K42V,0.8199,42,K,V
815,K42W,0.7586,42,K,W
816,K42Y,0.7568,42,K,Y
817,G43A,0.4307,43,G,A
818,G43D,0.6518,43,G,D
819,G43E,0.7909,43,G,E
820,G43F,0.9131,43,G,F
821,G43G,0.0,43,G,G
822,G43H,0.8279,43,G,H
823,G43I,1.1008,43,G,I
824,G43K,0.8573,43,G,K
825,G43L,1.1155,43,G,L
826,G43M,0.9292,43,G,M
827,G43N,0.7952,43,G,N
828,G43P,1.0711,43,G,P
829,G43Q,0.8173,43,G,Q
830,G43R,0.8856,43,G,R
831,G43S,0.529,43,G,S
832,G43T,0.6823,43,G,T
833,G43V,1.1047,43,G,V
834,G43W,0.8062,43,G,W
835,G43Y,0.8891,43,G,Y
836,L44A,1.1968,44,L,A
837,L44D,1.5803,44,L,D
838,L44E,1.1692,44,L,E
839,L44F,-0.3278,44,L,F
840,L44G,1.6601,44,L,G
841,L44H,0.6891,44,L,H
842,L44I,0.5582,44,L,I
843,L44K,0.8351,44,L,K
844,L44L,0.0,44,L,L
845,L44M,0.2722,44,L,M
846,L44N,1.1349,44,L,N
847,L44P,1.1363,44,L,P
848,L44Q,0.9419,44,L,Q
849,L44R,0.8025,44,L,R
850,L44S,1.1803,44,L,S
851,L44T,0.9455,44,L,T
852,L44V,0.7114,44,L,V
853,L44W,-0.723,44,L,W
854,L44Y,-0.2645,44,L,Y
855,E45A,0.7221,45,E,A
856,E45D,0.7957,45,E,D
857,E45E,0.0,45,E,E
858,E45F,0.3968,45,E,F
859,E45G,1.5239,45,E,G
860,E45H,0.6625,45,E,H
861,E45I,0.4435,45,E,I
862,E45K,1.0517,45,E,K
863,E45L,0.7141,45,E,L
864,E45M,0.6589,45,E,M
865,E45N,1.0604,45,E,N
866,E45P,2.6135,45,E,P
867,E45Q,0.5126,45,E,Q
868,E45R,1.0224,45,E,R
869,E45S,0.8269,45,E,S
870,E45T,0.592,45,E,T
871,E45V,0.2084,45,E,V
872,E45W,0.5532,45,E,W
873,E45Y,0.4791,45,E,Y
874,W46A,2.7129,46,W,A
875,W46D,2.8914,46,W,D
876,W46E,2.5939,46,W,E
877,W46F,0.6797,46,W,F
878,W46G,2.9311,46,W,G
879,W46H,2.3373,46,W,H
880,W46I,2.0795,46,W,I
881,W46K,2.4489,46,W,K
882,W46L,1.752,46,W,L
883,W46M,1.758,46,W,M
884,W46N,2.8186,46,W,N
885,W46P,2.4759,46,W,P
886,W46Q,2.5393,46,W,Q
887,W46R,2.2452,46,W,R
888,W46S,2.6263,46,W,S
889,W46T,2.5675,46,W,T
890,W46V,2.1844,46,W,V
891,W46W,0.0,46,W,W
892,W46Y,0.8691,46,W,Y
893,V47A,2.0012,47,V,A
894,V47D,3.0969,47,V,D
895,V47E,3.0787,47,V,E
896,V47F,1.7219,47,V,F
897,V47G,2.9428,47,V,G
898,V47H,2.7875,47,V,H
899,V47I,0.0959,47,V,I
900,V47K,3.0689,47,V,K
901,V47L,0.5054,47,V,L
902,V47M,1.3702,47,V,M
903,V47N,3.0009,47,V,N
904,V47P,2.9656,47,V,P
905,V47Q,2.9529,47,V,Q
906,V47R,2.9992,47,V,R
907,V47S,2.9026,47,V,S
908,V47T,2.0584,47,V,T
909,V47V,0.0,47,V,V
910,V47W,2.104,47,V,W
911,V47Y,2.1125,47,V,Y
912,A48A,0.0,48,A,A
913,A48D,2.7792,48,A,D
914,A48E,2.3852,48,A,E
915,A48F,0.3789,48,A,F
916,A48G,0.7585,48,A,G
917,A48H,1.8633,48,A,H
918,A48I,0.3235,48,A,I
919,A48K,2.0232,48,A,K
920,A48L,0.4998,48,A,L
921,A48M,0.6351,48,A,M
922,A48N,2.4169,48,A,N
923,A48P,2.4716,48,A,P
924,A48Q,2.1498,48,A,Q
925,A48R,1.8339,48,A,R
926,A48S,1.1605,48,A,S
927,A48T,1.411,48,A,T
928,A48V,0.4251,48,A,V
929,A48W,0.7557,48,A,W
930,A48Y,0.8402,48,A,Y
931,Y49A,1.5271,49,Y,A
932,Y49D,2.2473,49,Y,D
933,Y49E,1.9361,49,Y,E
934,Y49F,0.4602,49,Y,F
935,Y49G,2.1009,49,Y,G
936,Y49H,1.0682,49,Y,H
937,Y49I,1.5507,49,Y,I
938,Y49K,1.2326,49,Y,K
939,Y49L,1.483,49,Y,L
940,Y49M,1.3779,49,Y,M
941,Y49N,1.6945,49,Y,N
942,Y49P,3.5343,49,Y,P
943,Y49Q,1.4243,49,Y,Q
944,Y49R,1.0249,49,Y,R
945,Y49S,1.2503,49,Y,S
946,Y49T,1.188,49,Y,T
947,Y49V,1.3072,49,Y,V
948,Y49W,-0.062,49,Y,W
949,Y49Y,0.0,49,Y,Y
950,I50A,2.042,50,I,A
951,I50D,3.0141,50,I,D
952,I50E,2.642,50,I,E
953,I50F,1.4292,50,I,F
954,I50G,2.9671,50,I,G
955,I50H,2.603,50,I,H
956,I50I,0.0,50,I,I
957,I50K,2.6434,50,I,K
958,I50L,0.9814,50,I,L
959,I50M,1.3357,50,I,M
960,I50N,2.9569,50,I,N
961,I50P,2.7375,50,I,P
962,I50Q,2.5286,50,I,Q
963,I50R,2.7161,50,I,R
964,I50S,2.6566,50,I,S
965,I50T,2.0211,50,I,T
966,I50V,0.3768,50,I,V
967,I50W,1.9036,50,I,W
968,I50Y,1.968,50,I,Y
969,S51A,0.8878,51,S,A
970,S51D,1.1355,51,S,D
971,S51E,1.361,51,S,E
972,S51F,1.42,51,S,F
973,S51G,1.0719,51,S,G
974,S51H,1.4384,51,S,H
975,S51I,1.6397,51,S,I
976,S51K,1.5218,51,S,K
977,S51L,1.5425,51,S,L
978,S51M,1.3773,51,S,M
979,S51N,0.9342,51,S,N
980,S51P,2.5202,51,S,P
981,S51Q,1.4064,51,S,Q
982,S51R,1.6225,51,S,R
983,S51S,0.0,51,S,S
984,S51T,0.2559,51,S,T
985,S51V,1.5766,51,S,V
986,S51W,1.2592,51,S,W
987,S51Y,1.3824,51,S,Y
988,S52A,-0.2229,52,S,A
989,S52D,1.4635,52,S,D
990,S52E,0.5604,52,S,E
991,S52F,1.341,52,S,F
992,S52G,0.7119,52,S,G
993,S52H,0.7357,52,S,H
994,S52I,1.3467,52,S,I
995,S52K,0.4633,52,S,K
996,S52L,1.2653,52,S,L
997,S52M,1.0336,52,S,M
998,S52N,1.0212,52,S,N
999,S52P,0.3306,52,S,P
1000,S52Q,0.479,52,S,Q
1001,S52R,0.6056,52,S,R
1002,S52S,0.0,52,S,S
1003,S52T,0.6014,52,S,T
1004,S52V,1.1163,52,S,V
1005,S52W,1.3264,52,S,W
1006,S52Y,1.1664,52,S,Y
1007,S53A,0.5826,53,S,A
1008,S53D,-0.5932,53,S,D
1009,S53E,0.6789,53,S,E
1010,S53F,1.0729,53,S,F
1011,S53G,0.3701,53,S,G
1012,S53H,0.849,53,S,H
1013,S53I,1.5636,53,S,I
1014,S53K,0.9945,53,S,K
1015,S53L,1.1612,53,S,L
1016,S53M,0.9624,53,S,M
1017,S53N,-0.1707,53,S,N
1018,S53P,2.4115,53,S,P
1019,S53Q,0.8458,53,S,Q
1020,S53R,1.0889,53,S,R
1021,S53S,0.0,53,S,S
1022,S53T,0.5138,53,S,T
1023,S53V,1.5807,53,S,V
1024,S53W,0.8443,53,S,W
1025,S53Y,1.2424,53,S,Y
1026,G54A,1.7131,54,G,A
1027,G54D,2.2739,54,G,D
1028,G54E,2.4595,54,G,E
1029,G54F,1.734,54,G,F
1030,G54G,0.0,54,G,G
1031,G54H,2.0218,54,G,H
1032,G54I,2.2785,54,G,I
1033,G54K,2.3867,54,G,K
1034,G54L,2.2242,54,G,L
1035,G54M,2.0222,54,G,M
1036,G54N,2.1989,54,G,N
1037,G54P,2.5592,54,G,P
1038,G54Q,2.2695,54,G,Q
1039,G54R,2.2077,54,G,R
1040,G54S,2.0267,54,G,S
1041,G54T,2.3688,54,G,T
1042,G54V,2.2354,54,G,V
1043,G54W,1.6688,54,G,W
1044,G54Y,1.7511,54,G,Y
1045,S55A,0.0131,55,S,A
1046,S55D,0.193,55,S,D
1047,S55E,0.021,55,S,E
1048,S55F,0.3438,55,S,F
1049,S55G,0.3164,55,S,G
1050,S55H,0.1146,55,S,H
1051,S55I,0.4107,55,S,I
1052,S55K,0.0874,55,S,K
1053,S55L,0.1621,55,S,L
1054,S55M,0.2006,55,S,M
1055,S55N,0.0144,55,S,N
1056,S55P,1.6855,55,S,P
1057,S55Q,0.0798,55,S,Q
1058,S55R,0.1961,55,S,R
1059,S55S,0.0,55,S,S
1060,S55T,-0.0856,55,S,T
1061,S55V,0.3493,55,S,V
1062,S55W,0.2676,55,S,W
1063,S55Y,0.2044,55,S,Y
1064,N56A,0.0262,56,N,A
1065,N56D,0.0975,56,N,D
1066,N56E,-0.1361,56,N,E
1067,N56F,-0.1929,56,N,F
1068,N56G,0.5327,56,N,G
1069,N56H,-0.1982,56,N,H
1070,N56I,-0.0535,56,N,I
1071,N56K,0.111,56,N,K
1072,N56L,0.0198,56,N,L
1073,N56M,0.0029,56,N,M
1074,N56N,0.0,56,N,N
1075,N56P,1.6512,56,N,P
1076,N56Q,-0.086,56,N,Q
1077,N56R,0.0496,56,N,R
1078,N56S,-0.1653,56,N,S
1079,N56T,-0.3842,56,N,T
1080,N56V,-0.2666,56,N,V
1081,N56W,-0.3354,56,N,W
1082,N56Y,-0.3523,56,N,Y
1083,T57A,0.3296,57,T,A
1084,T57D,1.173,57,T,D
1085,T57E,0.7926,57,T,E
1086,T57F,0.2496,57,T,F
1087,T57G,0.8854,57,T,G
1088,T57H,0.4261,57,T,H
1089,T57I,-0.333,57,T,I
1090,T57K,0.4053,57,T,K
1091,T57L,0.2734,57,T,L
1092,T57M,0.2698,57,T,M
1093,T57N,0.8785,57,T,N
1094,T57P,0.9111,57,T,P
1095,T57Q,0.4922,57,T,Q
1096,T57R,0.3036,57,T,R
1097,T57S,0.3911,57,T,S
1098,T57T,0.0,57,T,T
1099,T57V,-0.3826,57,T,V
1100,T57W,0.3382,57,T,W
1101,T57Y,0.2371,57,T,Y
1102,Y58A,0.5964,58,Y,A
1103,Y58D,1.2641,58,Y,D
1104,Y58E,0.7644,58,Y,E
1105,Y58F,0.2067,58,Y,F
1106,Y58G,1.5373,58,Y,G
1107,Y58H,0.4289,58,Y,H
1108,Y58I,0.4923,58,Y,I
1109,Y58K,0.3768,58,Y,K
1110,Y58L,0.4393,58,Y,L
1111,Y58M,0.1894,58,Y,M
1112,Y58N,0.7683,58,Y,N
1113,Y58P,3.4132,58,Y,P
1114,Y58Q,0.3483,58,Y,Q
1115,Y58R,0.138,58,Y,R
1116,Y58S,0.252,58,Y,S
1117,Y58T,0.1293,58,Y,T
1118,Y58V,0.4569,58,Y,V
1119,Y58W,-0.0597,58,Y,W
1120,Y58Y,0.0,58,Y,Y
1121,Y59A,1.9351,59,Y,A
1122,Y59D,2.2426,59,Y,D
1123,Y59E,2.0556,59,Y,E
1124,Y59F,0.445,59,Y,F
1125,Y59G,2.3959,59,Y,G
1126,Y59H,1.1037,59,Y,H
1127,Y59I,1.3738,59,Y,I
1128,Y59K,2.1868,59,Y,K
1129,Y59L,1.3358,59,Y,L
1130,Y59M,1.5051,59,Y,M
1131,Y59N,1.9446,59,Y,N
1132,Y59P,1.8696,59,Y,P
1133,Y59Q,2.074,59,Y,Q
1134,Y59R,2.12,59,Y,R
1135,Y59S,2.1293,59,Y,S
1136,Y59T,1.778,59,Y,T
1137,Y59V,1.5331,59,Y,V
1138,Y59W,0.8169,59,Y,W
1139,Y59Y,0.0,59,Y,Y
1140,A60A,0.0,60,A,A
1141,A60D,1.2313,60,A,D
1142,A60E,1.9194,60,A,E
1143,A60F,1.835,60,A,F
1144,A60G,1.379,60,A,G
1145,A60H,0.9995,60,A,H
1146,A60I,1.4886,60,A,I
1147,A60K,1.6498,60,A,K
1148,A60L,1.4407,60,A,L
1149,A60M,1.2496,60,A,M
1150,A60N,0.6606,60,A,N
1151,A60P,2.6376,60,A,P
1152,A60Q,1.667,60,A,Q
1153,A60R,1.0829,60,A,R
1154,A60S,0.3825,60,A,S
1155,A60T,0.9372,60,A,T
1156,A60V,0.85,60,A,V
1157,A60W,1.9736,60,A,W
1158,A60Y,1.6072,60,A,Y
1159,D61A,-0.0048,61,D,A
1160,D61D,0.0,61,D,D
1161,D61E,-0.0754,61,D,E
1162,D61F,0.3427,61,D,F
1163,D61G,0.3787,61,D,G
1164,D61H,0.2316,61,D,H
1165,D61I,0.3173,61,D,I
1166,D61K,0.213,61,D,K
1167,D61L,0.2704,61,D,L
1168,D61M,0.3515,61,D,M
1169,D61N,0.2996,61,D,N
1170,D61P,0.2423,61,D,P
1171,D61Q,0.1254,61,D,Q
1172,D61R,0.2464,61,D,R
1173,D61S,0.0911,61,D,S
1174,D61T,0.2855,61,D,T
1175,D61V,0.3283,61,D,V
1176,D61W,0.1635,61,D,W
1177,D61Y,0.2343,61,D,Y
1178,S62A,-0.1219,62,S,A
1179,S62D,1.4309,62,S,D
1180,S62E,1.1117,62,S,E
1181,S62F,0.8824,62,S,F
1182,S62G,0.613,62,S,G
1183,S62H,0.4241,62,S,H
1184,S62I,0.7532,62,S,I
1185,S62K,0.0832,62,S,K
1186,S62L,1.024,62,S,L
1187,S62M,0.8913,62,S,M
1188,S62N,0.6061,62,S,N
1189,S62P,1.0856,62,S,P
1190,S62Q,0.6661,62,S,Q
1191,S62R,-0.0578,62,S,R
1192,S62S,0.0,62,S,S
1193,S62T,0.6223,62,S,T
1194,S62V,0.784,62,S,V
1195,S62W,1.1309,62,S,W
1196,S62Y,0.8259,62,S,Y
1197,V63A,0.7104,63,V,A
1198,V63D,2.6282,63,V,D
1199,V63E,2.5174,63,V,E
1200,V63F,1.1532,63,V,F
1201,V63G,2.0291,63,V,G
1202,V63H,1.9825,63,V,H
1203,V63I,0.8988,63,V,I
1204,V63K,2.5269,63,V,K
1205,V63L,1.2164,63,V,L
1206,V63M,1.5366,63,V,M
1207,V63N,2.3896,63,V,N
1208,V63P,2.592,63,V,P
1209,V63Q,2.3735,63,V,Q
1210,V63R,2.5351,63,V,R
1211,V63S,2.0235,63,V,S
1212,V63T,1.7421,63,V,T
1213,V63V,0.0,63,V,V
1214,V63W,1.3285,63,V,W
1215,V63Y,1.2468,63,V,Y
1216,K64A,0.1587,64,K,A
1217,K64D,0.9438,64,K,D
1218,K64E,0.3876,64,K,E
1219,K64F,0.7213,64,K,F
1220,K64G,0.9522,64,K,G
1221,K64H,0.5028,64,K,H
1222,K64I,0.4925,64,K,I
1223,K64K,0.0,64,K,K
1224,K64L,0.3562,64,K,L
1225,K64M,0.3616,64,K,M
1226,K64N,0.6132,64,K,N
1227,K64P,2.4391,64,K,P
1228,K64Q,0.1796,64,K,Q
1229,K64R,0.0093,64,K,R
1230,K64S,0.5194,64,K,S
1231,K64T,0.5434,64,K,T
1232,K64V,0.4891,64,K,V
1233,K64W,0.6203,64,K,W
1234,K64Y,0.635,64,K,Y
1235,G65A,1.3956,65,G,A
1236,G65D,1.1355,65,G,D
1237,G65E,1.3656,65,G,E
1238,G65F,1.3538,65,G,F
1239,G65G,0.0,65,G,G
1240,G65H,1.3407,65,G,H
1241,G65I,1.9142,65,G,I
1242,G65K,1.5818,65,G,K
1243,G65L,1.5784,65,G,L
1244,G65M,1.4422,65,G,M
1245,G65N,1.1103,65,G,N
1246,G65P,2.2192,65,G,P
1247,G65Q,1.5197,65,G,Q
1248,G65R,1.6158,65,G,R
1249,G65S,1.3436,65,G,S
1250,G65T,1.6166,65,G,T
1251,G65V,1.9523,65,G,V
1252,G65W,1.4198,65,G,W
1253,G65Y,1.4156,65,G,Y
1254,R66A,2.182,66,R,A
1255,R66D,3.0773,66,R,D
1256,R66E,3.1426,66,R,E
1257,R66F,2.1947,66,R,F
1258,R66G,2.6375,66,R,G
1259,R66H,1.8647,66,R,H
1260,R66I,2.1764,66,R,I
1261,R66K,0.7814,66,R,K
1262,R66L,2.2059,66,R,L
1263,R66M,2.0964,66,R,M
1264,R66N,1.6916,66,R,N
1265,R66P,3.2315,66,R,P
1266,R66Q,2.3198,66,R,Q
1267,R66R,0.0,66,R,R
1268,R66S,1.8426,66,R,S
1269,R66T,1.9786,66,R,T
1270,R66V,2.5753,66,R,V
1271,R66W,2.4023,66,R,W
1272,R66Y,2.2068,66,R,Y
1273,F67A,2.48,67,F,A
1274,F67D,3.2194,67,F,D
1275,F67E,3.2375,67,F,E
1276,F67F,0.0,67,F,F
1277,F67G,3.262,67,F,G
1278,F67H,2.5569,67,F,H
1279,F67I,1.5911,67,F,I
1280,F67K,3.1859,67,F,K
1281,F67L,1.6998,67,F,L
1282,F67M,1.7142,67,F,M
1283,F67N,3.0134,67,F,N
1284,F67P,3.3833,67,F,P
1285,F67Q,2.9952,67,F,Q
1286,F67R,3.1076,67,F,R
1287,F67S,2.7445,67,F,S
1288,F67T,2.6362,67,F,T
1289,F67V,1.8177,67,F,V
1290,F67W,0.3562,67,F,W
1291,F67Y,0.5464,67,F,Y
1292,T68A,0.9182,68,T,A
1293,T68D,1.2937,68,T,D
1294,T68E,0.6978,68,T,E
1295,T68F,0.481,68,T,F
1296,T68G,1.6058,68,T,G
1297,T68H,0.468,68,T,H
1298,T68I,0.138,68,T,I
1299,T68K,0.6489,68,T,K
1300,T68L,0.7173,68,T,L
1301,T68M,0.7283,68,T,M
1302,T68N,0.9446,68,T,N
1303,T68P,2.4802,68,T,P
1304,T68Q,0.6622,68,T,Q
1305,T68R,0.4868,68,T,R
1306,T68S,0.5255,68,T,S
1307,T68T,0.0,68,T,T
1308,T68V,0.0666,68,T,V
1309,T68W,0.5274,68,T,W
1310,T68Y,0.286,68,T,Y
1311,I69A,1.2077,69,I,A
1312,I69D,2.7174,69,I,D
1313,I69E,2.633,69,I,E
1314,I69F,1.3375,69,I,F
1315,I69G,2.0658,69,I,G
1316,I69H,2.5544,69,I,H
1317,I69I,0.0,69,I,I
1318,I69K,2.5985,69,I,K
1319,I69L,0.973,69,I,L
1320,I69M,1.3207,69,I,M
1321,I69N,2.6547,69,I,N
1322,I69P,1.9145,69,I,P
1323,I69Q,2.6287,69,I,Q
1324,I69R,2.6441,69,I,R
1325,I69S,2.05,69,I,S
1326,I69T,1.7222,69,I,T
1327,I69V,0.0722,69,I,V
1328,I69W,1.5888,69,I,W
1329,I69Y,1.8101,69,I,Y
1330,S70A,0.7977,70,S,A
1331,S70D,1.4725,70,S,D
1332,S70E,1.1706,70,S,E
1333,S70F,0.729,70,S,F
1334,S70G,1.3887,70,S,G
1335,S70H,1.0236,70,S,H
1336,S70I,0.85,70,S,I
1337,S70K,1.1738,70,S,K
1338,S70L,1.1104,70,S,L
1339,S70M,0.6781,70,S,M
1340,S70N,1.249,70,S,N
1341,S70P,2.949,70,S,P
1342,S70Q,0.9311,70,S,Q
1343,S70R,1.085,70,S,R
1344,S70S,0.0,70,S,S
1345,S70T,0.241,70,S,T
1346,S70V,1.0083,70,S,V
1347,S70W,0.5781,70,S,W
1348,S70Y,0.7532,70,S,Y
1349,R71A,1.846,71,R,A
1350,R71D,2.6071,71,R,D
1351,R71E,2.5128,71,R,E
1352,R71F,1.4835,71,R,F
1353,R71G,2.0864,71,R,G
1354,R71H,1.7473,71,R,H
1355,R71I,1.4576,71,R,I
1356,R71K,0.5235,71,R,K
1357,R71L,1.0922,71,R,L
1358,R71M,1.226,71,R,M
1359,R71N,1.908,71,R,N
1360,R71P,2.4454,71,R,P
1361,R71Q,1.5685,71,R,Q
1362,R71R,0.0,71,R,R
1363,R71S,1.8185,71,R,S
1364,R71T,1.7144,71,R,T
1365,R71V,1.5753,71,R,V
1366,R71W,1.5308,71,R,W
1367,R71Y,1.6117,71,R,Y
1368,D72A,1.7136,72,D,A
1369,D72D,0.0,72,D,D
1370,D72E,1.3619,72,D,E
1371,D72F,1.5263,72,D,F
1372,D72G,2.2651,72,D,G
1373,D72H,1.4046,72,D,H
1374,D72I,1.4281,72,D,I
1375,D72K,2.0473,72,D,K
1376,D72L,1.5456,72,D,L
1377,D72M,1.6345,72,D,M
1378,D72N,0.7196,72,D,N
1379,D72P,2.7065,72,D,P
1380,D72Q,1.5325,72,D,Q
1381,D72R,1.8095,72,D,R
1382,D72S,0.8988,72,D,S
1383,D72T,1.373,72,D,T
1384,D72V,1.3007,72,D,V
1385,D72W,1.4212,72,D,W
1386,D72Y,1.7052,72,D,Y
1387,N73A,0.1083,73,N,A
1388,N73D,0.063,73,N,D
1389,N73E,0.2892,73,N,E
1390,N73F,0.5787,73,N,F
1391,N73G,0.4584,73,N,G
1392,N73H,0.3128,73,N,H
1393,N73I,0.4417,73,N,I
1394,N73K,0.5324,73,N,K
1395,N73L,0.3021,73,N,L
1396,N73M,0.3883,73,N,M
1397,N73N,0.0,73,N,N
1398,N73P,0.5309,73,N,P
1399,N73Q,0.4408,73,N,Q
1400,N73R,0.4026,73,N,R
1401,N73S,-0.3354,73,N,S
1402,N73T,-0.4248,73,N,T
1403,N73V,0.2661,73,N,V
1404,N73W,0.5032,73,N,W
1405,N73Y,0.5178,73,N,Y
1406,A74A,0.0,74,A,A
1407,A74D,0.2148,74,A,D
1408,A74E,0.1654,74,A,E
1409,A74F,0.4322,74,A,F
1410,A74G,0.2546,74,A,G
1411,A74H,0.2257,74,A,H
1412,A74I,0.3574,74,A,I
1413,A74K,0.1344,74,A,K
1414,A74L,0.1936,74,A,L
1415,A74M,0.2468,74,A,M
1416,A74N,0.0973,74,A,N
1417,A74P,1.1651,74,A,P
1418,A74Q,0.1668,74,A,Q
1419,A74R,0.1859,74,A,R
1420,A74S,0.0185,74,A,S
1421,A74T,0.0709,74,A,T
1422,A74V,0.3552,74,A,V
1423,A74W,0.379,74,A,W
1424,A74Y,0.3568,74,A,Y
1425,K75A,0.2431,75,K,A
1426,K75D,0.9618,75,K,D
1427,K75E,0.8215,75,K,E
1428,K75F,0.4539,75,K,F
1429,K75G,0.6886,75,K,G
1430,K75H,-0.0708,75,K,H
1431,K75I,0.711,75,K,I
1432,K75K,0.0,75,K,K
1433,K75L,0.31,75,K,L
1434,K75M,0.3083,75,K,M
1435,K75N,-0.2335,75,K,N
1436,K75P,2.1683,75,K,P
1437,K75Q,0.2395,75,K,Q
1438,K75R,-0.1049,75,K,R
1439,K75S,-0.1728,75,K,S
1440,K75T,-0.5131,75,K,T
1441,K75V,0.4553,75,K,V
1442,K75W,0.5979,75,K,W
1443,K75Y,0.2669,75,K,Y
1444,N76A,-0.0505,76,N,A
1445,N76D,0.6917,76,N,D
1446,N76E,0.7287,76,N,E
1447,N76F,0.5071,76,N,F
1448,N76G,0.4556,76,N,G
1449,N76H,0.1347,76,N,H
1450,N76I,0.6076,76,N,I
1451,N76K,-0.0339,76,N,K
1452,N76L,0.2807,76,N,L
1453,N76M,0.1296,76,N,M
1454,N76N,0.0,76,N,N
1455,N76P,1.8547,76,N,P
1456,N76Q,0.0383,76,N,Q
1457,N76R,0.0191,76,N,R
1458,N76S,-0.0663,76,N,S
1459,N76T,0.3458,76,N,T
1460,N76V,0.5331,76,N,V
1461,N76W,0.4013,76,N,W
1462,N76Y,0.4204,76,N,Y
1463,T77A,1.1296,77,T,A
1464,T77D,1.9325,77,T,D
1465,T77E,1.0823,77,T,E
1466,T77F,1.2663,77,T,F
1467,T77G,2.1451,77,T,G
1468,T77H,1.2647,77,T,H
1469,T77I,0.5904,77,T,I
1470,T77K,1.0399,77,T,K
1471,T77L,0.8364,77,T,L
1472,T77M,0.7726,77,T,M
1473,T77N,1.5378,77,T,N
1474,T77P,2.7525,77,T,P
1475,T77Q,0.8973,77,T,Q
1476,T77R,0.8668,77,T,R
1477,T77S,0.8896,77,T,S
1478,T77T,0.0,77,T,T
1479,T77V,0.365,77,T,V
1480,T77W,1.2195,77,T,W
1481,T77Y,1.1801,77,T,Y
1482,L78A,1.609,78,L,A
1483,L78D,3.4284,78,L,D
1484,L78E,3.0576,78,L,E
1485,L78F,1.2,78,L,F
1486,L78G,2.2088,78,L,G
1487,L78H,2.6929,78,L,H
1488,L78I,0.9401,78,L,I
1489,L78K,2.9643,78,L,K
1490,L78L,0.0,78,L,L
1491,L78M,0.9056,78,L,M
1492,L78N,3.0396,78,L,N
1493,L78P,3.5039,78,L,P
1494,L78Q,2.9462,78,L,Q
1495,L78R,2.9495,78,L,R
1496,L78S,2.4506,78,L,S
1497,L78T,2.3232,78,L,T
1498,L78V,1.3424,78,L,V
1499,L78W,1.8268,78,L,W
1500,L78Y,1.7762,78,L,Y
1501,Y79A,1.6906,79,Y,A
1502,Y79D,2.146,79,Y,D
1503,Y79E,1.8775,79,Y,E
1504,Y79F,0.0899,79,Y,F
1505,Y79G,2.2362,79,Y,G
1506,Y79H,1.0641,79,Y,H
1507,Y79I,1.1923,79,Y,I
1508,Y79K,1.7313,79,Y,K
1509,Y79L,1.2141,79,Y,L
1510,Y79M,1.3885,79,Y,M
1511,Y79N,1.5584,79,Y,N
1512,Y79P,2.7911,79,Y,P
1513,Y79Q,1.8607,79,Y,Q
1514,Y79R,1.5838,79,Y,R
1515,Y79S,1.4496,79,Y,S
1516,Y79T,1.1696,79,Y,T
1517,Y79V,1.1063,79,Y,V
1518,Y79W,0.4168,79,Y,W
1519,Y79Y,0.0,79,Y,Y
1520,L80A,2.996,80,L,A
1521,L80D,3.6002,80,L,D
1522,L80E,3.4805,80,L,E
1523,L80F,1.9292,80,L,F
1524,L80G,3.3654,80,L,G
1525,L80H,3.446,80,L,H
1526,L80I,1.7268,80,L,I
1527,L80K,3.4597,80,L,K
1528,L80L,0.0,80,L,L
1529,L80M,1.4351,80,L,M
1530,L80N,3.5204,80,L,N
1531,L80P,3.7343,80,L,P
1532,L80Q,3.5593,80,L,Q
1533,L80R,3.4591,80,L,R
1534,L80S,3.4903,80,L,S
1535,L80T,3.4871,80,L,T
1536,L80V,2.2432,80,L,V
1537,L80W,2.5029,80,L,W
1538,L80Y,2.5867,80,L,Y
1539,Q81A,0.4306,81,Q,A
1540,Q81D,0.1621,81,Q,D
1541,Q81E,-0.1415,81,Q,E
1542,Q81F,-0.4545,81,Q,F
1543,Q81G,1.4907,81,Q,G
1544,Q81H,0.1366,81,Q,H
1545,Q81I,0.0552,81,Q,I
1546,Q81K,0.8595,81,Q,K
1547,Q81L,-0.1679,81,Q,L
1548,Q81M,-0.1101,81,Q,M
1549,Q81N,0.563,81,Q,N
1550,Q81P,2.425,81,Q,P
1551,Q81Q,0.0,81,Q,Q
1552,Q81R,0.8707,81,Q,R
1553,Q81S,0.5159,81,Q,S
1554,Q81T,0.2812,81,Q,T
1555,Q81V,0.0344,81,Q,V
1556,Q81W,-0.505,81,Q,W
1557,Q81Y,-0.3013,81,Q,Y
1558,M82A,2.5834,82,M,A
1559,M82D,3.7472,82,M,D
1560,M82E,3.0849,82,M,E
1561,M82F,1.575,82,M,F
1562,M82G,3.3828,82,M,G
1563,M82H,3.253,82,M,H
1564,M82I,0.6952,82,M,I
1565,M82K,3.6267,82,M,K
1566,M82L,0.531,82,M,L
1567,M82M,0.0,82,M,M
1568,M82N,3.7082,82,M,N
1569,M82P,3.2132,82,M,P
1570,M82Q,2.4187,82,M,Q
1571,M82R,3.442,82,M,R
1572,M82S,3.1794,82,M,S
1573,M82T,3.0021,82,M,T
1574,M82V,1.5988,82,M,V
1575,M82W,2.5085,82,M,W
1576,M82Y,2.6557,82,M,Y
1577,N83A,0.2999,83,N,A
1578,N83D,0.4519,83,N,D
1579,N83E,0.2664,83,N,E
1580,N83F,0.3091,83,N,F
1581,N83G,0.575,83,N,G
1582,N83H,0.182,83,N,H
1583,N83I,0.6098,83,N,I
1584,N83K,0.3259,83,N,K
1585,N83L,0.3315,83,N,L
1586,N83M,0.3378,83,N,M
1587,N83N,0.0,83,N,N
1588,N83P,2.4293,83,N,P
1589,N83Q,0.3402,83,N,Q
1590,N83R,0.3425,83,N,R
1591,N83S,0.1261,83,N,S
1592,N83T,0.0166,83,N,T
1593,N83V,0.5031,83,N,V
1594,N83W,0.4262,83,N,W
1595,N83Y,0.2513,83,N,Y
1596,S84A,0.2356,84,S,A
1597,S84D,-0.1662,84,S,D
1598,S84E,0.2655,84,S,E
1599,S84F,0.5136,84,S,F
1600,S84G,0.4782,84,S,G
1601,S84H,0.234,84,S,H
1602,S84I,0.7624,84,S,I
1603,S84K,0.3147,84,S,K
1604,S84L,0.2784,84,S,L
1605,S84M,0.1882,84,S,M
1606,S84N,-0.3618,84,S,N
1607,S84P,2.2762,84,S,P
1608,S84Q,0.1693,84,S,Q
1609,S84R,0.3654,84,S,R
1610,S84S,0.0,84,S,S
1611,S84T,0.3865,84,S,T
1612,S84V,0.7556,84,S,V
1613,S84W,0.4982,84,S,W
1614,S84Y,0.6104,84,S,Y
1615,L85A,1.9452,85,L,A
1616,L85D,2.038,85,L,D
1617,L85E,2.0715,85,L,E
1618,L85F,1.6183,85,L,F
1619,L85G,2.144,85,L,G
1620,L85H,2.4119,85,L,H
1621,L85I,1.1979,85,L,I
1622,L85K,2.3771,85,L,K
1623,L85L,0.0,85,L,L
1624,L85M,0.9896,85,L,M
1625,L85N,2.375,85,L,N
1626,L85P,2.251,85,L,P
1627,L85Q,2.0597,85,L,Q
1628,L85R,2.5353,85,L,R
1629,L85S,2.256,85,L,S
1630,L85T,1.8764,85,L,T
1631,L85V,1.3127,85,L,V
1632,L85W,2.3281,85,L,W
1633,L85Y,2.2798,85,L,Y
1634,R86A,0.3066,86,R,A
1635,R86D,1.1596,86,R,D
1636,R86E,0.722,86,R,E
1637,R86F,0.8465,86,R,F
1638,R86G,0.6973,86,R,G
1639,R86H,0.4046,86,R,H
1640,R86I,0.6096,86,R,I
1641,R86K,0.0706,86,R,K
1642,R86L,0.527,86,R,L
1643,R86M,0.4868,86,R,M
1644,R86N,0.5393,86,R,N
1645,R86P,1.5956,86,R,P
1646,R86Q,0.2527,86,R,Q
1647,R86R,0.0,86,R,R
1648,R86S,0.2964,86,R,S
1649,R86T,-0.0223,86,R,T
1650,R86V,0.4955,86,R,V
1651,R86W,1.0634,86,R,W
1652,R86Y,0.8486,86,R,Y
1653,A87A,0.0,87,A,A
1654,A87D,0.8462,87,A,D
1655,A87E,0.6923,87,A,E
1656,A87F,0.1243,87,A,F
1657,A87G,0.5592,87,A,G
1658,A87H,0.1931,87,A,H
1659,A87I,-0.145,87,A,I
1660,A87K,-0.0432,87,A,K
1661,A87L,0.2003,87,A,L
1662,A87M,0.18,87,A,M
1663,A87N,0.5531,87,A,N
1664,A87P,0.076,87,A,P
1665,A87Q,0.1941,87,A,Q
1666,A87R,-0.036,87,A,R
1667,A87S,0.364,87,A,S
1668,A87T,0.3367,87,A,T
1669,A87V,-0.2959,87,A,V
1670,A87W,0.2713,87,A,W
1671,A87Y,0.2231,87,A,Y
1672,E88A,-0.0016,88,E,A
1673,E88D,0.1686,88,E,D
1674,E88E,0.0,88,E,E
1675,E88F,0.7394,88,E,F
1676,E88G,0.4417,88,E,G
1677,E88H,0.5359,88,E,H
1678,E88I,0.5291,88,E,I
1679,E88K,0.486,88,E,K
1680,E88L,0.6045,88,E,L
1681,E88M,0.4799,88,E,M
1682,E88N,0.5403,88,E,N
1683,E88P,0.7928,88,E,P
1684,E88Q,0.2558,88,E,Q
1685,E88R,0.5033,88,E,R
1686,E88S,-0.0839,88,E,S
1687,E88T,0.3217,88,E,T
1688,E88V,0.6272,88,E,V
1689,E88W,0.5502,88,E,W
1690,E88Y,0.7035,88,E,Y
1691,D89A,2.5528,89,D,A
1692,D89D,0.0,89,D,D
1693,D89E,2.0359,89,D,E
1694,D89F,2.5278,89,D,F
1695,D89G,2.729,89,D,G
1696,D89H,2.1018,89,D,H
1697,D89I,3.0301,89,D,I
1698,D89K,3.2569,89,D,K
1699,D89L,2.9331,89,D,L
1700,D89M,2.7311,89,D,M
1701,D89N,1.3091,89,D,N
1702,D89P,3.2444,89,D,P
1703,D89Q,2.4838,89,D,Q
1704,D89R,3.1736,89,D,R
1705,D89S,1.7753,89,D,S
1706,D89T,2.4062,89,D,T
1707,D89V,3.0647,89,D,V
1708,D89W,2.3526,89,D,W
1709,D89Y,2.615,89,D,Y
1710,T90A,3.171,90,T,A
1711,T90D,3.7346,90,T,D
1712,T90E,3.8793,90,T,E
1713,T90F,2.8303,90,T,F
1714,T90G,3.4563,90,T,G
1715,T90H,3.487,90,T,H
1716,T90I,3.0941,90,T,I
1717,T90K,3.528,90,T,K
1718,T90L,3.1077,90,T,L
1719,T90M,2.9726,90,T,M
1720,T90N,3.0723,90,T,N
1721,T90P,4.0483,90,T,P
1722,T90Q,3.4303,90,T,Q
1723,T90R,3.2901,90,T,R
1724,T90S,1.352,90,T,S
1725,T90T,0.0,90,T,T
1726,T90V,3.1035,90,T,V
1727,T90W,3.1449,90,T,W
1728,T90Y,3.0505,90,T,Y
1729,A91A,0.0,91,A,A
1730,A91D,3.4969,91,A,D
1731,A91E,3.6386,91,A,E
1732,A91F,2.8126,91,A,F
1733,A91G,1.8187,91,A,G
1734,A91H,3.2921,91,A,H
1735,A91I,2.7925,91,A,I
1736,A91K,3.0424,91,A,K
1737,A91L,3.1094,91,A,L
1738,A91M,2.6273,91,A,M
1739,A91N,3.4202,91,A,N
1740,A91P,3.2376,91,A,P
1741,A91Q,3.1779,91,A,Q
1742,A91R,2.8374,91,A,R
1743,A91S,1.7272,91,A,S
1744,A91T,2.3625,91,A,T
1745,A91V,2.0672,91,A,V
1746,A91W,2.7771,91,A,W
1747,A91Y,2.9275,91,A,Y
1748,V92A,1.3283,92,V,A
1749,V92D,1.9672,92,V,D
1750,V92E,1.292,92,V,E
1751,V92F,0.4442,92,V,F
1752,V92G,2.5897,92,V,G
1753,V92H,1.1549,92,V,H
1754,V92I,-0.0643,92,V,I
1755,V92K,1.2012,92,V,K
1756,V92L,0.252,92,V,L
1757,V92M,0.453,92,V,M
1758,V92N,1.5332,92,V,N
1759,V92P,3.1782,92,V,P
1760,V92Q,1.0563,92,V,Q
1761,V92R,1.1912,92,V,R
1762,V92S,1.4249,92,V,S
1763,V92T,0.56,92,V,T
1764,V92V,0.0,92,V,V
1765,V92W,0.7318,92,V,W
1766,V92Y,0.5375,92,V,Y
1767,Y93A,4.1252,93,Y,A
1768,Y93D,4.5773,93,Y,D
1769,Y93E,4.361,93,Y,E
1770,Y93F,1.1483,93,Y,F
1771,Y93G,4.3365,93,Y,G
1772,Y93H,2.8282,93,Y,H
1773,Y93I,3.4724,93,Y,I
1774,Y93K,4.156,93,Y,K
1775,Y93L,3.4989,93,Y,L
1776,Y93M,3.5427,93,Y,M
1777,Y93N,4.1853,93,Y,N
1778,Y93P,4.071,93,Y,P
1779,Y93Q,4.2419,93,Y,Q
1780,Y93R,3.6847,93,Y,R
1781,Y93S,4.4569,93,Y,S
1782,Y93T,4.1546,93,Y,T
1783,Y93V,3.6127,93,Y,V
1784,Y93W,1.5753,93,Y,W
1785,Y93Y,0.0,93,Y,Y
1786,Y94A,2.5692,94,Y,A
1787,Y94D,3.3514,94,Y,D
1788,Y94E,2.7951,94,Y,E
1789,Y94F,0.3177,94,Y,F
1790,Y94G,3.1062,94,Y,G
1791,Y94H,1.7368,94,Y,H
1792,Y94I,1.6147,94,Y,I
1793,Y94K,1.9933,94,Y,K
1794,Y94L,1.6462,94,Y,L
1795,Y94M,1.7907,94,Y,M
1796,Y94N,2.6673,94,Y,N
1797,Y94P,3.4267,94,Y,P
1798,Y94Q,2.4231,94,Y,Q
1799,Y94R,1.5571,94,Y,R
1800,Y94S,2.4369,94,Y,S
1801,Y94T,2.0768,94,Y,T
1802,Y94V,1.4504,94,Y,V
1803,Y94W,0.281,94,Y,W
1804,Y94Y,0.0,94,Y,Y
1805,C95A,0.6123,95,C,A
1806,C95D,1.7356,95,C,D
1807,C95E,1.7602,95,C,E
1808,C95F,-0.2228,95,C,F
1809,C95G,1.9053,95,C,G
1810,C95H,1.2148,95,C,H
1811,C95I,0.2121,95,C,I
1812,C95K,1.4892,95,C,K
1813,C95L,0.568,95,C,L
1814,C95M,0.9431,95,C,M
1815,C95N,1.6513,95,C,N
1816,C95P,0.7818,95,C,P
1817,C95Q,1.7133,95,C,Q
1818,C95R,1.7371,95,C,R
1819,C95S,1.0512,95,C,S
1820,C95T,0.9541,95,C,T
1821,C95V,-0.0724,95,C,V
1822,C95W,0.884,95,C,W
1823,C95Y,0.3319,95,C,Y
1824,A96A,0.0,96,A,A
1825,A96D,3.6571,96,A,D
1826,A96E,3.5561,96,A,E
1827,A96F,1.9657,96,A,F
1828,A96G,1.549,96,A,G
1829,A96H,3.0602,96,A,H
1830,A96I,2.0476,96,A,I
1831,A96K,2.9052,96,A,K
1832,A96L,2.1052,96,A,L
1833,A96M,1.8012,96,A,M
1834,A96N,3.2858,96,A,N
1835,A96P,4.3244,96,A,P
1836,A96Q,2.8675,96,A,Q
1837,A96R,2.8069,96,A,R
1838,A96S,1.8093,96,A,S
1839,A96T,2.1514,96,A,T
1840,A96V,1.2464,96,A,V
1841,A96W,2.627,96,A,W
1842,A96Y,2.4172,96,A,Y
1843,R97A,1.2535,97,R,A
1844,R97D,2.5672,97,R,D
1845,R97E,2.3033,97,R,E
1846,R97F,-0.0763,97,R,F
1847,R97G,1.6415,97,R,G
1848,R97H,1.1453,97,R,H
1849,R97I,-0.7038,97,R,I
1850,R97K,0.3697,97,R,K
1851,R97L,-0.8081,97,R,L
1852,R97M,0.0727,97,R,M
1853,R97N,1.7049,97,R,N
1854,R97P,2.0424,97,R,P
1855,R97Q,1.3556,97,R,Q
1856,R97R,0.0,97,R,R
1857,R97S,1.6245,97,R,S
1858,R97T,1.3212,97,R,T
1859,R97V,-0.7624,97,R,V
1860,R97W,0.2529,97,R,W
1861,R97Y,0.28,97,R,Y
1862,E98A,0.2836,98,E,A
1863,E98D,0.9715,98,E,D
1864,E98E,0.0,98,E,E
1865,E98F,-0.8672,98,E,F
1866,E98G,1.3998,98,E,G
1867,E98H,0.3584,98,E,H
1868,E98I,-2.1569,98,E,I
1869,E98K,0.3652,98,E,K
1870,E98L,-1.0629,98,E,L
1871,E98M,-0.6732,98,E,M
1872,E98N,0.8881,98,E,N
1873,E98P,1.6969,98,E,P
1874,E98Q,0.052,98,E,Q
1875,E98R,0.4911,98,E,R
1876,E98S,0.6221,98,E,S
1877,E98T,-0.3655,98,E,T
1878,E98V,-1.9497,98,E,V
1879,E98W,-0.3385,98,E,W
1880,E98Y,-0.4611,98,E,Y
1881,S99A,0.9182,99,S,A
1882,S99D,0.6513,99,S,D
1883,S99E,2.0102,99,S,E
1884,S99F,1.9715,99,S,F
1885,S99G,0.2123,99,S,G
1886,S99H,1.4951,99,S,H
1887,S99I,2.2361,99,S,I
1888,S99K,1.5721,99,S,K
1889,S99L,1.9446,99,S,L
1890,S99M,1.6674,99,S,M
1891,S99N,0.2731,99,S,N
1892,S99P,3.379,99,S,P
1893,S99Q,1.7034,99,S,Q
1894,S99R,1.6247,99,S,R
1895,S99S,0.0,99,S,S
1896,S99T,0.9808,99,S,T
1897,S99V,2.0768,99,S,V
1898,S99W,1.7833,99,S,W
1899,S99Y,2.1289,99,S,Y
1900,S100A,0.1213,100,S,A
1901,S100D,0.4711,100,S,D
1902,S100E,0.4219,100,S,E
1903,S100F,0.7488,100,S,F
1904,S100G,0.3754,100,S,G
1905,S100H,0.5197,100,S,H
1906,S100I,0.6952,100,S,I
1907,S100K,0.3979,100,S,K
1908,S100L,0.6472,100,S,L
1909,S100M,0.6702,100,S,M
1910,S100N,0.42,100,S,N
1911,S100P,0.6648,100,S,P
1912,S100Q,0.5166,100,S,Q
1913,S100R,0.4364,100,S,R
1914,S100S,0.0,100,S,S
1915,S100T,0.2734,100,S,T
1916,S100V,0.6938,100,S,V
1917,S100W,0.5763,100,S,W
1918,S100Y,0.6677,100,S,Y
1919,Y101A,-0.1609,101,Y,A
1920,Y101D,-0.2469,101,Y,D
1921,Y101E,0.1749,101,Y,E
1922,Y101F,-0.0292,101,Y,F
1923,Y101G,-0.0166,101,Y,G
1924,Y101H,-0.0331,101,Y,H
1925,Y101I,0.5983,101,Y,I
1926,Y101K,-0.1032,101,Y,K
1927,Y101L,-0.0612,101,Y,L
1928,Y101M,-0.0844,101,Y,M
1929,Y101N,-0.4384,101,Y,N
1930,Y101P,1.9447,101,Y,P
1931,Y101Q,-0.0192,101,Y,Q
1932,Y101R,-0.0799,101,Y,R
1933,Y101S,-0.3112,101,Y,S
1934,Y101T,-0.239,101,Y,T
1935,Y101V,0.5134,101,Y,V
1936,Y101W,-0.0098,101,Y,W
1937,Y101Y,0.0,101,Y,Y
1938,G102A,0.7127,102,G,A
1939,G102D,0.8618,102,G,D
1940,G102E,1.0756,102,G,E
1941,G102F,0.9893,102,G,F
1942,G102G,0.0,102,G,G
1943,G102H,0.7315,102,G,H
1944,G102I,1.6951,102,G,I
1945,G102K,0.6958,102,G,K
1946,G102L,1.1795,102,G,L
1947,G102M,0.9333,102,G,M
1948,G102N,0.4991,102,G,N
1949,G102P,2.238,102,G,P
1950,G102Q,0.7641,102,G,Q
1951,G102R,0.9291,102,G,R
1952,G102S,0.7022,102,G,S
1953,G102T,1.1703,102,G,T
1954,G102V,1.654,102,G,V
1955,G102W,1.0605,102,G,W
1956,G102Y,1.0766,102,G,Y
1957,S103A,0.1403,103,S,A
1958,S103D,0.2176,103,S,D
1959,S103E,0.2182,103,S,E
1960,S103F,0.2822,103,S,F
1961,S103G,0.1085,103,S,G
1962,S103H,0.0186,103,S,H
1963,S103I,0.7282,103,S,I
1964,S103K,0.0276,103,S,K
1965,S103L,0.3941,103,S,L
1966,S103M,0.3841,103,S,M
1967,S103N,-0.1995,103,S,N
1968,S103P,2.0437,103,S,P
1969,S103Q,0.1935,103,S,Q
1970,S103R,0.0898,103,S,R
1971,S103S,0.0,103,S,S
1972,S103T,-0.2413,103,S,T
1973,S103V,0.5293,103,S,V
1974,S103W,0.4338,103,S,W
1975,S103Y,0.2574,103,S,Y
1976,F104A,1.4976,104,F,A
1977,F104D,2.1406,104,F,D
1978,F104E,1.7227,104,F,E
1979,F104F,0.0,104,F,F
1980,F104G,1.8638,104,F,G
1981,F104H,0.8088,104,F,H
1982,F104I,1.1476,104,F,I
1983,F104K,1.0997,104,F,K
1984,F104L,0.1571,104,F,L
1985,F104M,0.553,104,F,M
1986,F104N,1.4498,104,F,N
1987,F104P,1.5768,104,F,P
1988,F104Q,1.2967,104,F,Q
1989,F104R,1.0241,104,F,R
1990,F104S,1.6653,104,F,S
1991,F104T,1.5217,104,F,T
1992,F104V,1.3944,104,F,V
1993,F104W,-0.3023,104,F,W
1994,F104Y,-0.2761,104,F,Y
1995,D105A,-0.2306,105,D,A
1996,D105D,0.0,105,D,D
1997,D105E,-0.1324,105,D,E
1998,D105F,-0.4802,105,D,F
1999,D105G,0.3444,105,D,G
2000,D105H,0.3282,105,D,H
2001,D105I,0.1519,105,D,I
2002,D105K,0.7983,105,D,K
2003,D105L,0.5483,105,D,L
2004,D105M,0.1104,105,D,M
2005,D105N,0.5647,105,D,N
2006,D105P,2.2418,105,D,P
2007,D105Q,0.1952,105,D,Q
2008,D105R,0.6925,105,D,R
2009,D105S,-0.3842,105,D,S
2010,D105T,-0.0994,105,D,T
2011,D105V,0.0155,105,D,V
2012,D105W,-0.5558,105,D,W
2013,D105Y,-0.2058,105,D,Y
2014,Y106A,0.8747,106,Y,A
2015,Y106D,2.1029,106,Y,D
2016,Y106E,1.8835,106,Y,E
2017,Y106F,0.1345,106,Y,F
2018,Y106G,1.9073,106,Y,G
2019,Y106H,0.3414,106,Y,H
2020,Y106I,0.5429,106,Y,I
2021,Y106K,0.786,106,Y,K
2022,Y106L,0.8538,106,Y,L
2023,Y106M,0.6147,106,Y,M
2024,Y106N,0.9259,106,Y,N
2025,Y106P,3.0884,106,Y,P
2026,Y106Q,0.9876,106,Y,Q
2027,Y106R,0.4582,106,Y,R
2028,Y106S,0.502,106,Y,S
2029,Y106T,0.4889,106,Y,T
2030,Y106V,0.4076,106,Y,V
2031,Y106W,0.3041,106,Y,W
2032,Y106Y,0.0,106,Y,Y
2033,W107A,2.7124,107,W,A
2034,W107D,2.9363,107,W,D
2035,W107E,2.804,107,W,E
2036,W107F,1.0062,107,W,F
2037,W107G,2.6885,107,W,G
2038,W107H,2.3497,107,W,H
2039,W107I,1.9792,107,W,I
2040,W107K,2.3106,107,W,K
2041,W107L,1.8452,107,W,L
2042,W107M,1.6508,107,W,M
2043,W107N,2.6116,107,W,N
2044,W107P,2.7455,107,W,P
2045,W107Q,2.3983,107,W,Q
2046,W107R,2.1655,107,W,R
2047,W107S,2.3141,107,W,S
2048,W107T,2.1334,107,W,T
2049,W107V,2.0044,107,W,V
2050,W107W,0.0,107,W,W
2051,W107Y,1.0992,107,W,Y
2052,G108A,0.5987,108,G,A
2053,G108D,0.5438,108,G,D
2054,G108E,1.3252,108,G,E
2055,G108F,-0.0311,108,G,F
2056,G108G,0.0,108,G,G
2057,G108H,0.7779,108,G,H
2058,G108I,0.0666,108,G,I
2059,G108K,0.8988,108,G,K
2060,G108L,0.3493,108,G,L
2061,G108M,0.4718,108,G,M
2062,G108N,0.6605,108,G,N
2063,G108P,1.0797,108,G,P
2064,G108Q,1.0202,108,G,Q
2065,G108R,0.9984,108,G,R
2066,G108S,0.1153,108,G,S
2067,G108T,0.3261,108,G,T
2068,G108V,0.241,108,G,V
2069,G108W,0.4058,108,G,W
2070,G108Y,0.3623,108,G,Y
2071,Q109A,-0.073,109,Q,A
2072,Q109D,0.3737,109,Q,D
2073,Q109E,0.2904,109,Q,E
2074,Q109F,0.5192,109,Q,F
2075,Q109G,0.249,109,Q,G
2076,Q109H,0.2455,109,Q,H
2077,Q109I,0.5557,109,Q,I
2078,Q109K,0.2739,109,Q,K
2079,Q109L,0.535,109,Q,L
2080,Q109M,0.3174,109,Q,M
2081,Q109N,0.4322,109,Q,N
2082,Q109P,1.0844,109,Q,P
2083,Q109Q,0.0,109,Q,Q
2084,Q109R,0.4157,109,Q,R
2085,Q109S,-0.0514,109,Q,S
2086,Q109T,0.2371,109,Q,T
2087,Q109V,0.6132,109,Q,V
2088,Q109W,0.4208,109,Q,W
2089,Q109Y,0.5228,109,Q,Y
2090,G110A,2.2875,110,G,A
2091,G110D,3.0915,110,G,D
2092,G110E,3.2669,110,G,E
2093,G110F,2.202,110,G,F
2094,G110G,0.0,110,G,G
2095,G110H,2.7709,110,G,H
2096,G110I,2.8334,110,G,I
2097,G110K,3.1338,110,G,K
2098,G110L,2.7384,110,G,L
2099,G110M,2.5316,110,G,M
2100,G110N,3.0194,110,G,N
2101,G110P,2.926,110,G,P
2102,G110Q,3.0185,110,G,Q
2103,G110R,2.9009,110,G,R
2104,G110S,2.6926,110,G,S
2105,G110T,2.8939,110,G,T
2106,G110V,2.7072,110,G,V
2107,G110W,2.384,110,G,W
2108,G110Y,2.359,110,G,Y
2109,T111A,0.827,111,T,A
2110,T111D,2.1527,111,T,D
2111,T111E,1.7723,111,T,E
2112,T111F,1.0881,111,T,F
2113,T111G,1.9297,111,T,G
2114,T111H,1.5077,111,T,H
2115,T111I,0.1459,111,T,I
2116,T111K,1.6876,111,T,K
2117,T111L,0.9483,111,T,L
2118,T111M,0.8248,111,T,M
2119,T111N,1.9144,111,T,N
2120,T111P,2.3548,111,T,P
2121,T111Q,1.462,111,T,Q
2122,T111R,1.3531,111,T,R
2123,T111S,0.7653,111,T,S
2124,T111T,0.0,111,T,T
2125,T111V,-0.1187,111,T,V
2126,T111W,1.2855,111,T,W
2127,T111Y,1.2267,111,T,Y
2128,L112A,0.7845,112,L,A
2129,L112D,1.124,112,L,D
2130,L112E,0.5036,112,L,E
2131,L112F,0.0707,112,L,F
2132,L112G,1.531,112,L,G
2133,L112H,0.6776,112,L,H
2134,L112I,0.1248,112,L,I
2135,L112K,0.8184,112,L,K
2136,L112L,0.0,112,L,L
2137,L112M,0.243,112,L,M
2138,L112N,1.0341,112,L,N
2139,L112P,1.1721,112,L,P
2140,L112Q,0.6605,112,L,Q
2141,L112R,0.749,112,L,R
2142,L112S,0.8061,112,L,S
2143,L112T,0.4064,112,L,T
2144,L112V,0.11,112,L,V
2145,L112W,-0.0302,112,L,W
2146,L112Y,0.1774,112,L,Y
2147,V113A,2.4068,113,V,A
2148,V113D,3.3029,113,V,D
2149,V113E,3.272,113,V,E
2150,V113F,2.6205,113,V,F
2151,V113G,3.4431,113,V,G
2152,V113H,3.6664,113,V,H
2153,V113I,0.863,113,V,I
2154,V113K,3.6634,113,V,K
2155,V113L,1.0954,113,V,L
2156,V113M,1.9693,113,V,M
2157,V113N,3.7109,113,V,N
2158,V113P,3.0399,113,V,P
2159,V113Q,3.3256,113,V,Q
2160,V113R,3.6237,113,V,R
2161,V113S,3.4528,113,V,S
2162,V113T,2.5906,113,V,T
2163,V113V,0.0,113,V,V
2164,V113W,3.4402,113,V,W
2165,V113Y,3.4992,113,V,Y
2166,T114A,0.9045,114,T,A
2167,T114D,1.7265,114,T,D
2168,T114E,0.9612,114,T,E
2169,T114F,0.1528,114,T,F
2170,T114G,1.8,114,T,G
2171,T114H,0.3811,114,T,H
2172,T114I,-0.4664,114,T,I
2173,T114K,0.5551,114,T,K
2174,T114L,0.0442,114,T,L
2175,T114M,0.1632,114,T,M
2176,T114N,1.0273,114,T,N
2177,T114P,2.395,114,T,P
2178,T114Q,0.6094,114,T,Q
2179,T114R,0.3499,114,T,R
2180,T114S,0.6413,114,T,S
2181,T114T,0.0,114,T,T
2182,T114V,-0.281,114,T,V
2183,T114W,0.0457,114,T,W
2184,T114Y,-0.0774,114,T,Y
2185,V115A,2.3013,115,V,A
2186,V115D,2.9814,115,V,D
2187,V115E,3.22,115,V,E
2188,V115F,2.2854,115,V,F
2189,V115G,3.0288,115,V,G
2190,V115H,3.0744,115,V,H
2191,V115I,0.7415,115,V,I
2192,V115K,3.3131,115,V,K
2193,V115L,1.4917,115,V,L
2194,V115M,2.3695,115,V,M
2195,V115N,3.121,115,V,N
2196,V115P,2.5402,115,V,P
2197,V115Q,3.3464,115,V,Q
2198,V115R,3.3499,115,V,R
2199,V115S,3.1172,115,V,S
2200,V115T,2.4936,115,V,T
2201,V115V,0.0,115,V,V
2202,V115W,2.7377,115,V,W
2203,V115Y,2.6514,115,V,Y
2204,S116A,-0.0476,116,S,A
2205,S116D,0.5428,116,S,D
2206,S116E,0.1259,116,S,E
2207,S116F,-0.4098,116,S,F
2208,S116G,0.3076,116,S,G
2209,S116H,-0.1244,116,S,H
2210,S116I,-0.5407,116,S,I
2211,S116K,-0.0361,116,S,K
2212,S116L,-0.3611,116,S,L
2213,S116M,-0.3046,116,S,M
2214,S116N,0.1667,116,S,N
2215,S116P,0.6529,116,S,P
2216,S116Q,0.0761,116,S,Q
2217,S116R,-0.1043,116,S,R
2218,S116S,0.0,116,S,S
2219,S116T,-0.1854,116,S,T
2220,S116V,-0.4196,116,S,V
2221,S116W,-0.4695,116,S,W
2222,S116Y,-0.4489,116,S,Y
